{"acc": 0.9140724339196515, "loss": 0.10287170958605553, "_timestamp": 1676695955.9074194, "_runtime": 1.9981954097747803, "_step": 7, "_wandb": {"runtime": 0}}