{"acc": 0.8909371957303139, "loss": 0.06031339936311754, "_timestamp": 1678336080.0873249, "_runtime": 4.307123899459839, "_step": 7, "_wandb": {"runtime": 0}}