{"acc": 0.9661998010780118, "loss": 0.09177427840904477, "_timestamp": 1677147519.0035093, "_runtime": 1.300342321395874, "_step": 7, "_wandb": {"runtime": 0}}